Short Description,assignment_group,Impact,description,Updated_On,priority,Incident_Id,Contact Type,Urgency,Caller,Created_On,State,Assigned_To
software is not installing in my computer,Software/Portal,2,"The software is not installing properly on my computer. When I try to install, it shows an error message and fails to complete the installation process. The exact error message is 'Software could not be installed'. I have tried restarting my computer and checking if any updates are available, but nothing seems to work.",2025-12-18 5:28:11,2,INC0010004,email,1,,2025-12-18 5:28:11,1,Giridharan
cannot connect to the corporate VPN despite entering correct credentials.,Network,2,"User cannot establish connection to corporate Virtual Private Network (VPN) using provided credentials. Despite correctly inputting username and password, the user is unable to successfully authenticate or connect to the VPN.",2025-12-18 5:30:00,2,INC0010007,phone,1,,2025-12-18 5:30:00,1,Dhanush
account is locked after multiple unsuccessful login attempts.,ITSM/Process,2,"Account locked after multiple unsuccessful login attempts. The user has experienced difficulty logging into their account, resulting in repeated failed login attempts. This has resulted in the account being locked to prevent further unauthorized access.",2025-12-18 5:30:46,2,INC0010008,email,1,,2025-12-18 5:30:46,1,Giridharan
System Freezes or Crashes,ITSM/Process,3,"The system has been experiencing frequent freezing and crashing issues, resulting in data loss and disruptions to business operations. The exact cause of the problem is currently unknown, but it appears to be related to an unstable component or software update. Attempts to restart the system have not resolved the issue, suggesting a more complex underlying issue that requires immediate attention. We need assistance with identifying and resolving this problem as soon as possible to minimize downtime and data loss.",2025-12-18 5:29:09,3,INC0010005,email,1,,2025-12-18 5:29:09,1,Giridharan
unable to access a shared folder or application due to incorrect permissions.,ITSM/Process,2,"Unable to access a shared folder or application due to incorrect permissions. The user has been granted access to the folder, but is unable to view or edit its contents. This issue is hindering their ability to perform tasks and is causing delays in project completion. The user has checked their email for any notifications regarding changes to their access level, but none have been received. The user has also checked the application's permissions settings to ensure they are correctly configured.",2025-12-18 5:29:41,3,INC0010006,email,2,,2025-12-18 5:29:41,1,Giridharan
"unable to connect to the remote desktop session, despite using the correct credentials.",ITSM/Process,2,"The user is unable to connect to the remote desktop session and is experiencing an error message despite providing the correct login credentials. The issue is ongoing and has caused disruption to their work. The user has checked that they are using the correct username and password, but the connection still fails. This incident requires immediate attention as it affects the productivity of the team.",2025-12-18 5:32:12,2,INC0010011,email,1,,2025-12-18 5:32:12,1,Giridharan
"cannot connect to the corporate Wi-Fi network, even though it is visible.",Network,2,"The user is unable to establish a connection to the corporate Wi-Fi network despite seeing the available network in their device's list of accessible networks. This issue is affecting their ability to access company resources and communicate with colleagues.

The user has checked that their Wi-Fi settings are configured correctly, but they continue to experience difficulties in connecting to the corporate network.

No recent changes have been made to the Wi-Fi configuration or network infrastructure that could be causing this issue.",2025-12-18 5:31:52,2,INC0010010,email,1,,2025-12-18 5:31:52,1,Dhanush
website is not reachable in my computer,Software/Portal,2,"The website is not accessible on my computer, and I'm unable to load any content. The URL bar remains blank, and there are no error messages displayed. This issue started suddenly, and I'm experiencing difficulties with online activities such as browsing, shopping, or accessing important information.",2025-12-18 5:26:54,2,INC0010003,email,1,,2025-12-18 5:26:54,1,Giridharan
my network is not working,Network,2,"The user's network connection is currently unavailable. The user is experiencing issues with internet access and cannot connect to any online resources. The issue may be related to a router or modem malfunction, a network configuration problem, or an outage in our network infrastructure.",2025-12-17 6:26:54,2,INC0010002,email,1,,2025-12-17 6:26:54,1,Dhanush
unable to share files through the company’s internal file-sharing platform.,Software/Portal,3,unable to share files through the company’s internal file-sharing platform.,2025-12-18 5:31:28,5,INC0010009,email,3,,2025-12-18 5:31:28,1,Giridharan
Automatic backup process for my files is not running or fails to complete successfully.,Backup / Restore,2,"The automatic backup process for my files has stopped running or failed to complete successfully. This issue has resulted in the inability to recover previously backed-up data, which is critical to our business operations.",2025-12-18 5:32:36,2,INC0010012,email,1,,2025-12-18 5:32:36,1,Dhanush